,index_GLS2_P,slope_GLS2_P,low_GLS2_P,upper_GLS2_P,basin,R2_GLS2_P,index_GLS2_PET,slope_GLS2_PET,low_GLS2_PET,upper_GLS2_PET,R2_GLS2_PET
0,P,2.1247657200875016,1.6254110709480614,2.624120369226942,Nueces,0.5268122538163076,PET,0.8970178883548303,-2.2123809202037528,4.006416696913414,0.5268122538163076
1,P,1.7753564659096064,1.2735361120617026,2.27717681975751,Frio,0.5444994952622952,PET,-3.856200497239228,-7.226112548813115,-0.48628844566534113,0.5444994952622952
2,P,1.869233909259695,1.2691727727223148,2.4692950457970753,Sabinal,0.5068528377391575,PET,-4.880830764947078,-8.820919792570374,-0.9407417373237812,0.5068528377391575
3,P,2.276408547642073,1.7840180049531476,2.7687990903309982,SabMed,0.6542368088424053,PET,-3.869970769513517,-6.8554983368790925,-0.8844432021479411,0.6542368088424053
4,P,0.4073276568079738,0.14725903618096553,0.667396277434982,Medina,0.3265698061716046,PET,-2.697243592603718,-4.291553017395184,-1.102934167812252,0.3265698061716046
5,P,2.01635223620858,1.5176681145528836,2.5150363578642767,MedCib,0.5631419426989308,PET,-4.0239644569899635,-7.289021410829806,-0.7589075031501218,0.5631419426989308
6,P,2.042581368704467,1.5628324710394048,2.5223302663695293,Cibolo,0.5433899545742663,PET,-1.725694428532414,-4.848053179039355,1.3966643219745267,0.5433899545742663
7,P,1.7537358212609266,1.2282463429764998,2.2792252995453532,Blanco,0.4244513724467225,PET,-0.8592445315636418,-3.9760239545481135,2.2575348914208297,0.4244513724467225
